<?xml version="1.0" encoding="utf-16"?>
<Users>
  <Category>
    <name>Garden</name>
    <count>23</count>
    <averagePrice>709.947391</averagePrice>
    <totalRevenue>16328.79</totalRevenue>
  </Category>
  <Category>
    <name>Adult</name>
    <count>22</count>
    <averagePrice>704.410000</averagePrice>
    <totalRevenue>15497.02</totalRevenue>
  </Category>
  <Category>
    <name>Drugs</name>
    <count>22</count>
    <averagePrice>819.444545</averagePrice>
    <totalRevenue>18027.78</totalRevenue>
  </Category>
  <Category>
    <name>Weapons</name>
    <count>22</count>
    <averagePrice>936.414090</averagePrice>
    <totalRevenue>20601.11</totalRevenue>
  </Category>
  <Category>
    <name>Other</name>
    <count>19</count>
    <averagePrice>788.754210</averagePrice>
    <totalRevenue>14986.33</totalRevenue>
  </Category>
  <Category>
    <name>Autoparts</name>
    <count>17</count>
    <averagePrice>657.294705</averagePrice>
    <totalRevenue>11174.01</totalRevenue>
  </Category>
  <Category>
    <name>Business</name>
    <count>17</count>
    <averagePrice>861.698823</averagePrice>
    <totalRevenue>14648.88</totalRevenue>
  </Category>
  <Category>
    <name>Fashion</name>
    <count>16</count>
    <averagePrice>899.854375</averagePrice>
    <totalRevenue>14397.67</totalRevenue>
  </Category>
  <Category>
    <name>Electronics</name>
    <count>14</count>
    <averagePrice>648.102857</averagePrice>
    <totalRevenue>9073.44</totalRevenue>
  </Category>
  <Category>
    <name>For Children</name>
    <count>14</count>
    <averagePrice>677.361428</averagePrice>
    <totalRevenue>9483.06</totalRevenue>
  </Category>
  <Category>
    <name>Sports</name>
    <count>14</count>
    <averagePrice>702.505714</averagePrice>
    <totalRevenue>9835.08</totalRevenue>
  </Category>
</Users>